1,isucon,ISUコングロマリット,1651363200,1653137491
2,kayac,KAYAC,1651363500,1652799831
3,o-yluz-3,いざ運用の森,1651404664,1652960444
4,p-khgup-4,顔が良いパッションフルーツ不足,1651410121,1652921470
5,lwlsf-jj-5,大人用カルボナーラスターズ,1651417426,1652560199
6,v-qdmoqq-6,スペシャルモリス教室,1651437632,1651547445
7,aqu-az-7,終末のCPUオフライン,1651449037,1653456441
8,jbj-wq-8,北タゴ駆動開発,1651450446,1652039278
9,vju-ehxxwn-9,チームスターフルーツ.js,1651464008,1653825888
10,jjsjx-tdwrrx-10,チーム白さいたま新都心〜♪,1651474729,1653340038
11,n-rvnokg-11,チームアロエラーメン,1651492079,1651957681
12,c-nfn-12,世界の大臀筋牧場,1651499805,1652889321
13,u-ihm-13,運営は命より重い,1651508048,1651730011
14,v-uiwbb-14,チーム川口天国,1651518461,1652304373
15,crbnn-zttul-15,サーバ派出所,1651532110,1652682491
16,wvf-yom-16,Cache-Controlキック,1651539531,1651671928
17,xn-up-17,ハイパーおじさんちゃん,1651555134,1651666086
18,nmi-iwvqym-18,ラッキー筋肉入門,1651563838,1654008050
19,oni-zqgsm-19,チーム浦和事務所,1651574845,1652671065
20,jar-dk-20,私のfastのプロ,1651584543,1653072904
21,mmcf-zk-21,スピリチュアル細麺のプロ,1651599734,1653183005
22,qu-aafhdu-22,ペペロンチーノ商事,1651602880,1651992122
23,fyvvb-klm-23,チームハイパー横浜鎮魂歌,1651622365,1653248759
24,a-u-24,春巻き以外,1651629383,1653843336
25,hgp-yqb-25,武蔵小杉サンドイッチ,1651638417,1653013564
26,mr-d-26,宇宙の立川テクノロジーズ,1651654176,1653068673
27,x-cktf-27,上腕二頭筋週間,1651657375,1653356802
28,j-jpeqh-28,多重ハック爆弾,1651672345,1652302306
29,dmbhy-b-29,魔の中野でごめんなさい,1651677344,1653596843
30,ckldz-v-30,HTTP/2のお茶会,1651692886,1652485451
31,coje-vthl-31,チームアメリカンチェリー事務所,1651707072,1652991025
32,hcrgi-m-32,エフェクティブポークめし,1651713205,1652169497
33,ktai-jcsvq-33,アワビまみれ,1651728909,1652063651
34,w-a-34,チーム本家Cache-Controlクラブ,1651739350,1652631619
35,ult-zgayzx-35,いつかは白菜BETTER,1651751220,1652068995
36,ctz-rybx-36,チーム絶対うどんドーナツ,1651761930,1653090775
37,nldu-r-37,半二重鏡ゲート,1651767908,1652068639
38,wc-hif-38,チームみなとみらい中毒,1651776072,1653164522
39,sh-ijdb-39,ワイン館,1651785996,1653544015
40,icb-rpgmq-40,破壊的柿イーツ,1651801055,1653095630
41,l-eeye-41,チーム私とパブ症候群,1651806327,1652298191
42,s-oir-42,ピーマン同好会,1651820609,1653630805
43,jn-upvnsu-43,ココナッツ合衆国,1651833812,1653971034
44,jsh-ulu-44,チーム立派なざくろ亭,1651840018,1653003314
45,hvq-i-45,RE:ソフトウェア大好き,1651858703,1653731694
46,l-qmuow-46,チーム台湾ポンカンBETTER,1651863366,1653290611
47,njlpk-mws-47,ハッピーオンコールもどき,1651872784,1654015162
48,uhu-t-48,ホイコーロー党,1651891697,1652710895
49,s-hmkc-49,THEくしい理論,1651897344,1653116977
50,hsdl-f-50,焼酎でごめん,1651912409,1653899367
51,sxat-aa-51,バ美肉係,1651914861,1652252337
52,p-ujm-52,たべられないラガー.js,1651931696,1652442591
53,cwqp-vfeszt-53,箱出し大宮イーツ,1651940974,1652035818
54,aj-lhugnk-54,解体.dev,1651951453,1653993350
55,pf-apu-55,白菜単推し,1651967351,1652644119
56,bwoij-asuc-56,トンポーロー田中,1651975048,1652577190
57,xvr-zrkqc-57,出会って5秒でバ美肉サンドイッチ,1651982037,1652356930
58,lqgxq-tzhq-58,ツナ同位体,1651991813,1652232941
59,vq-bv-59,100万回目黒.js,1652003876,1652018918
60,iu-gzy-60,チームGPGPUマニア,1652019191,1652805928
61,scjk-nigdbp-61,おじさんIS,1652031428,1653884566
62,bhscs-hixl-62,ライブ株式会社,1652037983,1652077605
63,tnrc-dwtp-63,チームあつまれダッシュ.pl,1652044887,1652152468
64,s-ybh-64,チームざくろ組合,1652055759,1652962093
65,bkma-p-65,俺の梨フォビア,1652069256,1652699619
66,xlpx-lttku-66,新卒細麺効果,1652078316,1652394769
67,ilb-syq-67,おしゃれライチ.php,1652086983,1653484053
68,kpykb-aa-68,チームバナナ家族,1652103063,1652870684
69,wnoah-gacoxc-69,チーム清酒パンチ,1652116011,1652740302
70,d-xqjvj-70,Protocolメランコリー,1652123956,1653642885
71,g-zskkq-71,勝てるおばさん家族,1652138534,1653548755
72,l-nmcam-72,システムロードアベレージがヤバい,1652150073,1652366408
73,zenat-mkppgo-73,パッションフルーツ書房,1652153150,1654006505
74,zma-o-74,甘みブラザーズ,1652171184,1653577226
75,qt-dj-75,代々木！,1652178010,1652353661
76,o-uj-76,ラッキー藤沢君,1652191586,1652981984
77,oq-rgjsx-77,プロセスの5秒前,1652199901,1652901253
78,da-bo-78,梨小屋,1652207367,1653328137
79,aknl-ejxu-79,ミルクで再起動,1652224300,1653099975
80,esw-rqiar-80,中野過激派,1652232969,1653135974
81,v-omgg-81,オンコールづくし,1652248694,1653102576
82,nvcyz-cdgcht-82,チーム運用シスターズ,1652252259,1653564978
83,xdbir-ldt-83,エンベデッドフカヒレ基地,1652268878,1653786196
84,ts-bfqzf-84,チーム藤沢クラッシャー,1652277094,1653865472
85,y-qmop-85,エンベデッド町田サンドイッチ,1652290954,1653826593
86,gv-lsbnw-86,チーム中目黒小屋,1652298509,1653754646
87,stg-yiq-87,相撲だもの,1652312045,1653711836
88,c-auhjf-88,チームgRPC派,1652317414,1653839735
89,fjbj-n-89,フカヒレタウン,1652330985,1652676159
90,tw-acjzp-90,自作キーボードづくし,1652340278,1652591485
91,o-ckdqy-91,ダッシュ探偵,1652353678,1653680435
92,lunv-vbtf-92,自動ダッシュ部,1652360355,1653205694
93,cryfl-xe-93,清酒こわれました,1652370818,1653962584
94,jepk-dqj-94,横浜共和国,1652384439,1653411342
95,qvec-lfjf-95,酎ハイのオタク,1652394984,1653467303
96,vx-bem-96,こだわりピザ海岸,1652406438,1652496650
97,g-ram-97,スピリチュアルアメリカンチェリーの惨劇,1652413041,1652444755
98,j-p-98,やわらかリキュールプリン,1652429003,1653165133
99,hyx-ppj-99,椅子メロン研究所,1652440478,1652669930
100,lhl-a-100,終末の千葉のーと,1652452263,1652852024
